A,B,C,D,E,F,G,H,I,J,K
A1042,A1206,A1313,A1373,A1623,A1652,A1663,A1736,A1745,A1765,A1796
Angiotensin II HUMAN,Daptomycin,Gatifloxacin,Biapenem,Epothilone A,Dimesna,PD98059,PA-824,Galanthamine HBr,Vincristine sulfate,Mianserin HCl
A1832,A1845,A1906,A1932,A1971,A2036,A2187,A2198,A2213,A2306,A2324
Doxorubicin (Adriamycin) HCl,Canertinib (CI-1033),"Decitabine (NSC127716, 5AZA-CdR)",(-)-Huperzine A,Etoposide,Doripenem Hydrate,Cladribine,Genistein,17-DMAG (Alvespimycin) HCl,Ellagic acid,Dexamethasone (DHAP)
A2415,A2431,A2451,A2486,A2489,A2510,A2511,A2512,A2513,A2514,A2515
Acitretin,Acarbose,Epirubicin HCl,Malotilate,Leucovorin Calcium,Ampicillin sodium,"Carbenicillin, Disodium Salt",Chloramphenicol,"Geneticin, G-418 Sulfate",Gentamycin Sulfate,Hygromycin B
A2516,A2517,A2552,A2570,A2571,A2575,A2576,A2600,A2604,A2606,A2689
Kanamycin Sulfate,Tetracycline Hydrochloride,Quercetin dihydrate,"Leupeptin, Microbial",Pepstatin A,Bestatin,E-64,(-)-Epigallocatechin gallate (EGCG),Celastrol,Epoxomicin,Butein
A2813,A2842,A2877,A3009,A3118,A3123,A3125,A3177,A3179,A3190,A3191
Ivermectin,Melatonin,Camptothecin,Sorafenib,"3,3'-Diindolylmethane",4'-Demethylepipodophyllotoxin,5-Iodotubercidin,AN-2690,Anamorelin,ASC-J9,Ascomycin(FK 520)
A3209,A3220,A3237,A3241,A3265,A3278,A3306,A3324,A3327,A3335,A3348
AXL1717,Bardoxolone,Betulinic acid,Bilobalide,Brassinolide,Nonivamide (Capsaicin Analog),Chelerythrine Chloride,Colchicine,Costunolide,Curcumin,Daminozide
A3370,A3371,A3374,A3375,A3392,A3412,A3417,A3423,A3424,A3522,A3528
Docetaxel Trihydrate,Doramectin,Dronedarone,DY131,Emodin,Fenretinide,Flavopiridol,Galanthamine,Gambogic Acid,Kaempferide,Kinetin
A3555,A3583,A3664,A3708,A3723,A3733,A3740,A3781,A3785,A3832,A3861
Limonin,Matrine,Nordihydroguaiaretic acid,Pentostatin,Phloretin,Pramipexole dihydrochloride,Puromycin aminonucleoside,Ruxolitinib phosphate,Salinomycin,Solasodine,TBB
A3863,A3891,A3892,A3896,A3920,A3921,A3926,A3967,A4014,A4052,A4054
Tedizolid,Triptolide,Triptonide,Tulathromycin A,Vinblastine sulfate,Vinorelbine ditartrate,Vortioxetine,Lapatinib Ditosylate,Artemether (SM-224),Doxycycline hyclate,17-AAG (KOS953)
A4060,A4071,A4099,A4176,A4182,A4188,A4308,A4309,A4320,A4322,A4330
Geldanamycin,Fluorouracil (Adrucil),Valproic acid sodium salt (Sodium valproate),Thioguanine,Resveratrol,2-Methoxyestradiol (2-MeOE2),Alizarin,GW501516,Voriconazole,Clarithromycin,Isotretinoin
A4336,A4343,A4346,A4365,A4369,A4390,A4393,A4394,A4395,A4407,A4448
Mycophenolate Mofetil,Dyphylline,Aminophylline,Lovastatin,Pravastatin sodium,Pemetrexed,Paclitaxel (Taxol),Docetaxel,10-DAB (10-Deacetylbaccatin),Fumagillin,Actinomycin D
A4452,A4455,A4456,A4457,A4488,A4524,A5133,A5181,A5226,A5346,A5391
Mitomycin C,Piperlongumine,Plumbagin,Streptozocin,Anacardic acid,4-HQN,Irinotecan,Linezolid,Tigecycline,Marbofloxacin,Varenicline Tartrate
A5559,A5786,A5931,A6685,A6743,A7132,A7291,A7486,A7543,A7583,A7656
Cefaclor,Natamycin,Aztreonam,3-Chlorotyrosine,H-D-Ser-OH,H-Cys-OH,H-Ser-OH,H-Cit-OH,H-HoArg-OH,H-HoSer-OH,H-DL-Nva-OH
A8010,A8167,A8183,A8184,A8188,A8189,A8192,A8202,A8219,A8235,A8244
Biotin,Rapamycin (Sirolimus),Trichostatin A (TSA),AICAR,Atractyloside Dipotassium Salt,PSI-6206,Staurosporine,Abiraterone acetate,Gefitinib (ZD1839),Embelin,Cycloheximide
A8331,A8340,A8353,A8356,A8358,A8369,A8377,A8378,A8381,A8387,A8388
Bleomycin Sulfate,Cyclopamine,3-Methyladenine,Acetylcysteine,Albendazole,Atropine sulfate monohydrate,Betacarotene,Betamethasone Dipropionate,BIBR-1048,Calcium Gluceptate,Carbadox
A8389,A8390,A8391,A8392,A8401,A8405,A8406,A8407,A8411,A8425,A8426
Carbenoxolone disodium,Casanthranol,Cefdinir,Cefoperazone,Clotrimazole,Cytarabine,Dextrose (D-glucose),Dibucaine (Cinchocaine) HCl,Difloxacin HCl,Estradiol,Estrone
A8427,A8428,A8429,A8433,A8435,A8436,A8442,A8460,A8461,A8462,A8463
Ethambutol HCl,Ethinyl Estradiol,Ethionamide,Flucytosine,Furosemide,Gabapentin,Guaifenesin,Levodopa,L-Glutamine,Lithium Citrate,Lithocholic Acid
A8468,A8478,A8486,A8487,A8490,A8492,A8496,A8502,A8509,A8510,A8512
Mepiroxol,Monobenzone,Nitrofurazone,Nocodazole,Olsalazine Sodium,Orlistat,Paliperidone,Piromidic Acid,Progesterone,Ranolazine,Rifaximin (Xifaxan)
A8521,A8522,A8527,A8529,A8530,A8538,A8539,A8543,A8612,A8615,A8630
Silodosin,Simvastatin (Zocor),Sulfadiazine,Tebipenempivoxil,Telbivudine,Tiopronin (Thiola),Tretinoin (Aberela),Vitamin D2 (Ergocalciferol),L-Kynurenine,ITE,Xanthohumol
A8640,A8644,A8647,B1027,B1035,B1042,B1076,B1092,B1119,B1125,B1134
Flavopiridol hydrochloride,Acyclovir,Capecitabine,2-Deoxy-D-glucose,Dolastatin 10,Adrenosterone,Doripenem,Salicylic acid,Efavirenz,Pravastatin,Oxybutynin chloride
B1147,B1157,B1217,B1223,B1224,B1251,B1270,B1303,B1327,B1336,B1344
Orotic acid,sn-Glycero-3-phosphocholine,Meropenem trihydrate,Vancomycin hydrochloride,Anidulafungin,Valproic acid,Reserpine hydrochloride,Amsacrine hydrochloride,Epinephrine HCl,Isoprenaline HCl,Phenylephrine HCl
B1358,B1364,B1375,B1398,B1400,B1421,B1441,B1456,B1468,B1469,B1471
Epinephrine Bitartrate,Scopine,Dehydroepiandrosterone (DHEA),Azithromycin,Brefeldin A,Forskolin,Lornoxicam,Asaraldehyde,Adenine,Adenine sulfate,Adenine HCl
B1472,B1473,B1480,B1482,B1501,B1502,B1505,B1506,B1507,B1510,B1512
Mizoribine,Uridine,Chlorpromazine HCl,Dopamine HCl,Estradiol Cypionate,Ethisterone,Epiandrosterone,Estradiol valerate,Estriol,Medroxyprogesterone acetate,Pregnenolone
B1514,B1561,B1571,B1596,B1603,B1605,B1624,B1634,B1644,B1651,B1654
Equol,Histamine 2HCl,Desloratadine,Acetylcholine Chloride,Homatropine Bromide,Hyoscyamine,NMDA (N-Methyl-D-aspartic acid),Fosbretabulin (Combretastatin A4 Phosphate (CA4P)) Disodium,Caffeic Acid Phenethyl Ester,1-Hexadecanol,Aloperine
B1658,B1659,B1661,B1662,B1665,B1667,B1669,B1670,B1671,B1676,B1678
Amikacin disulfate,Aminothiazole,Amoxicillin,Ampicillin Trihydrate,Apramycin Sulfate,Azaguanine-8,Azithromycin Dihydrate,Bacitracin,Bacitracin Zinc,Benzoic Acid,Penicillin G Sodium
B1679,B1685,B1689,B1691,B1692,B1695,B1698,B1699,B1702,B1703,B1707
Betamipron,Broxyquinoline,Capreomycin Sulfate,Ceftriaxone Sodium Trihydrate,Cephalexin,Chlorhexidine HCl,Chlorquinaldol,Chlortetracycline HCl,Cholesterol,Choline Chloride,Clindamycin
B1708,B1716,B1717,B1719,B1721,B1724,B1726,B1730,B1731,B1734,B1742
Clindamycin Phosphate,Colistin Sulfate,Creatinine,Cysteamine HCl,D-Cycloserine,Deoxycorticosterone acetate,Diacerein,Dinitolmide,Dirithromycin,Doxofylline,Enrofloxacin
B1747,B1754,B1755,B1758,B1764,B1770,B1775,B1788,B1790,B1791,B1793
Erythritol,Fenspiride HCl,Fidaxomicin,Florfenicol,Furaltadone HCl,Histamine Phosphate,Isovaleramide,Mevastatin,Mezlocillin Sodium,Minocycline HCl,NAD+
B1795,B1796,B1800,B1808,B1816,B1818,B1820,B1825,B1828,B1830,B1834
Neomycin sulfate,Netilmicin Sulfate,Nithiamide,Paromomycin Sulfate,Pilocarpine HCl,Piperacillin Sodium,Primaquine Diphosphate,Ribostamycin Sulfate,Sarafloxacin HCl,Serotonin HCl,Sodium ascorbate
B1835,B1838,B1839,B1840,B1842,B1844,B1846,B1847,B1852,B1853,B1854
Sodium butyrate,Sodium Nitrite,Spiramycin,Sucralose,Sulfaguanidine,Sulfapyridine,Taurine,Teicoplanin,Thiamine HCl (Vitamin B1),Thiamphenicol,Ticarcillin sodium
B1856,B1858,B1863,B1865,B1868,B1870,B1873,B1877,B1885,B1893,B1895
Tobramycin,Tranexamic Acid,Uracil,Valnemulin HCl,Vitamin A Acetate,Voglibose,4-Aminohippuric Acid,Adenosine,Amphotericin B,Azlocillin sodium salt,Besifloxacin HCl
B1901,B1906,B1907,B1908,B1910,B1913,B1918,B1919,B1922,B1923,B1925
Butenafine HCl,Cefoselis Sulfate,Ceftiofur HCl,Chenodeoxycholic Acid,Chloroxine,Clindamycin HCl,Cloxacillin Sodium,Cortisone acetate,Cyclosporin A,Cytidine,Deoxyarbutin
B1926,B1927,B1931,B1932,B1934,B1937,B1939,B1940,B1941,B1949,B1951
Dexamethasone acetate,Diclazuril,Dimethyl Fumarate,Diphenhydramine HCl,DL-Carnitine HCl,Econazole nitrate,Erythromycin,Erythromycin Ethylsuccinate,Estradiol Benzoate,Guanidine HCl,Hydrocortisone
B1954,B1955,B1959,B1960,B1962,B1966,B1967,B1968,B1969,B1971,B1976
Inulin,Isepamicin Sulphate,Levofloxacin,Levonorgestrel,Lincomycin HCl,Menadione,Mepivacaine HCl,Mequinol,Mesalamine,Methacycline HCl,Metronidazole
B1977,B1978,B1981,B1982,B1983,B1985,B1987,B1990,B1992,B1993,B1995
Miconazole,Miconazole Nitrate,Mycophenolic acid,Nadifloxacin,Nafcillin Sodium,Nalidixic acid,Nicotinic Acid,Noradrenaline bitartrate monohydrate,Novobiocin Sodium,Nystatin (Fungicidin),"(+,-)-Octopamine HCl"
B1996,B1997,B2000,B2001,B2003,B2012,B2015,B2017,B2019,B2020,B2021
Ornidazole,Oxacillin sodium monohydrate,Oxytetracycline (Terramycin),Oxytetracycline Dihydrate,Pefloxacin Mesylate,Prednisolone,Probucol,Pyridoxine HCl,Retapamulin,Ribitol,Rifampin
B2024,B2028,B2029,B2030,B2034,B2037,B2038,B2039,B2040,B2041,B2042
Roxithromycin,Sodium salicylate,Sorbitol,Sparfloxacin,Streptomycin sulfate,Sulfamerazine,Sulfameter,Sulfamethizole,Sulfamethoxazole,Sulfanilamide,Sulfathiazole
B2043,B2049,B2050,B2051,B2053,B2054,B2057,B2059,B2061,B2062,B2063
Sulfisoxazole,Tilmicosin,Tinidazole,Tioconazole,Tolnaftate,Toltrazuril,Trimethoprim,Tylosin tartrate,Valaciclovir HCl,Vidarabine,Vitamin B12
B2064,B2065,B2067,B2070,B2072,B2076,B2077,B2086,B2090,B2094,B2103
Vitamin C,Vitamin D3,Xylose,5-Aminolevulinic acid HCl,Acipimox,(6-)ε-Aminocaproic acid,Amorolfine HCl,Cefditoren Pivoxil,D-Mannitol,Fluconazole,Idebenone
B2104,B2106,B2107,B2109,B2117,B2119,B2123,B2126,B2127,B2131,B2132
Itraconazole,Loteprednol etabonate,L-Thyroxine,Mecarbinate,Pioglitazone,Prilocaine,Quinine HCl Dihydrate,Rifabutin,Rifapentine,Sulbactam,Sulfamethazine
B2135,B2141,B2143,B2145,B2148,B2150,B2154,B2156,B2157,B2229,B2270
Ursodiol,Calcitriol,Tacrolimus (FK506),Fosaprepitant dimeglumine salt,Prednisone,Sitafloxacin Hydrate,Alprostadil,Bindarit,Cabazitaxel,Palonosetron HCl,Ouabain
B2274,B2276,B2279,B2280,B2285,B2290,B2293,B2295,B2296,B3041,B3255
Proparacaine HCl,Vinpocetine,Oxcarbazepine,Rufinamide,Daunorubicin HCl,Beta-Lapachone,Irinotecan HCl Trihydrate,Pirarubicin,Topotecan HCl,BTB06584,Meisoindigo
B3301,B3304,B3342,B3361,B3370,B3379,B3403,B3404,B3433,B3435,B3440
Sulfadimethoxine,ATP disodium salt,Spectinomycin dihydrochloride,Amoxicillin trihydrate,Arecoline hydrobromide,Verbascoside,Miglustat,Methylcobalamin,Flavoxate hydrochloride,Procaine,Nicergoline
B3448,B3464,B3471,B3484,B3490,B3492,B3513,B3519,B3527,B3532,B3539
Dapsone,Eicosapentaenoic Acid,Medroxyprogesterone,Misoprostol,Eptifibatide,Bedaquiline,Ademetionine,Cefepime Dihydrochloride Monohydrate,Nitisinone,Acetaminophen,Ceftazidime
B3583,B3611,B3661,B3662,B3663,B3664,B3667,B3668,B3672,B3673,B3674
TRO 19622,Moxidectin,(+)-Usniacin,Artesunate,Azomycin,Cinchonidine,Indole-3-carbinol,Sodium Monensin,Indirubin,Ipriflavone (Osteofix),Hypoxanthine
B3675,B3676,B3677,B3679,B3680,B3681,B4721,B4723,B4724,B4725,B4745
Apocynin,Rotundine,Inosine,Vanillin,Griseofulvin,Cyromazine,2'-Deoxyguanosine,Oxytocin acetate,Pneumocandin B0,Buparvaquone,(S)-10-Hydroxycamptothecin
B4782,B4790,B4794,B4869,B4872,B4883,B4958,B4964,B4965,B4973,B4978
Epibrassinolide,Phosphoramidon Disodium Salt,Santacruzamate A (CAY10683),Cyclocytidine HCl,Mupirocin,Abscisic Acid (Dormin),Tobramycin Sulfate,(-)-epicatechin,(-)-epicatechin gallate,Cefpodoxime Proxetil,Glatiramer acetate
B4980,B5054,B5462,B5484,B5734,B5804,B5850,B5918,B5928,B5954,B5961
Pentamidine isethionate,Picrotoxin,Rotenone,"7,8-Dihydroxyflavone",3-Nitropropionic acid,J 147,GS967,Solithromycin,INCB032304,Dasatinib Monohydrate,Cytosporone B
B5970,B5971,B5983,B5985,B5986,B5988,B5990,B5992,B5993,B5995,B6001
Sanguinarine chloride,Triacetyl Resveratrol,MN 64,3-Indolebutyric acid (IBA),Enoxolone,Troxerutin,Diosmetin,Astragaloside A,N6-methyladenosine (m6A),Calcium D-Panthotenate,4-Methylumbelliferone (4-MU)
B6010,B6040,B6049,B6068,B6105,B6123,B6126,B6135,B6149,B6152,B6153
Coelenterazine,D-Luciferin,Tedizolid HCl,Deferoxamine mesylate,Tizoxanide,S-Adenosylhomocysteine,17-Hydroxyprogesterone,Nitroxoline,Eugenol,Benzamide,Isatin
B6155,B6227,B6228,B6233,B6298,B6385,B6444,B6470,B6485,B6522,B6523
Lauric Acid,Kynurenic acid,Quinolinic acid,O-Phospho-L-serine,Bromocriptine mesylate,D-erythro-Sphingosine (synthetic),L-NMMA acetate,Agmatine sulfate,Palmitoylethanolamide,Spermine tetrahydrochloride,Spermidine trihydrochloride
B6586,B6674,B6764,B6943,B7005,B7085,B7174,B7201,B7239,B7271,B7278
(-)-Lobeline hydrochloride,Anisomycin,Combretastatin A4,Exendin-3 (9-39) amide,Prostaglandin E2,Cardamonin,DCA,α-Estradiol,Sarcosine,Gallein,UDP disodium salt
B7297,B7298,B7336,B7341,B7376,B7407,B7431,B7438,B7446,B7456,B7469
Citric acid,Sodium citrate,Thiostrepton,Canrenone,Biocytin,Insulin (human) recombinant expressed in yeast,Z-Guggulsterone,Estropipate,Tramiprosate,Allopregnanolone,Corticosterone
B7488,B7556,B7587,B7590,B7593,B7644,B7648,B7684,B7686,B7725,B7775
Pristimerin,Zearalenone,Puromycin dihydrochloride,Quinidine,Xanthurenic acid,Nigericin sodium salt,Phosphocreatine disodium salt,Digoxin,"3,5-DHBA",Methylmalonate,L-Glutathione Reduced
B7781,B7845,B7849,B7857,B7858,B7860,B7862,B7863,B7864,B7865,B7866
Urea,Imidazole,Rimantadine Hydrochloride,2-3-Dihydroxybenzoic acid,2-3-Pyridinedicarboxylic acid,2-Deoxyadenosine,2-Deoxycytidine,2-Deoxycytidine 5-monophosphate,2-Deoxy-D-ribose,2-Deoxyinosine,2-Deoxyuridine
B7867,B7868,B7869,B7870,B7872,B7873,B7875,B7876,B7878,B7879,B7886
3-Hydroxyphenylacetic acid,3-Methylglutaric acid,4-Aminobenzoic acid,4-Hydroxybenzoic acid,5-Methoxytryptamine,6-Hydroxynicotinic acid,Adenosine 5-monophosphate,Adenosine 5-triphosphate,beta-Nicotinamide mononucleotide,Cellobiose,Folinic acid
B7891,B7892,B7894,B7895,B7896,B7898,B7899,B7900,B7901,B7902,B7903
Itaconic acid,Ketoisovaleric acid,L-Arabinose,L-Arabitol,L-Dihydroorotic acid,Lipoamide,L-Sorbose,Malonic acid,Melibiose,m-Hydroxybenzoic acid,myo-Inositol
B7904,B7905,B7906,B7908,B7910,B7911,B7912,B7914,B7915,B7916,B7917
N-acetyl D-galactosamine,N-Acetylneuraminic acid,N-carbamoyl-DL-aspartic acid,O-Phosphorylethanolamine,Pyridoxal 5 phosphate,Pyridoxal hydrochloride,Pyridoxine,trans-Aconitic acid,trans-trans Muconic acid,Trehalose,Vanillic acid
B7926,B7945,B8206,B8214,B8227,B8228,B8309,B8311,B8316,B8317,B8352
Cephalothin,Urolithin A,Hinokitiol,Dihydrotestosterone(DHT),Avibactam sodium,L-Alanyl-L-Glutamine,Cyclosporine,D-Luciferin sodium salt,Harmine,Zerumbone,Urethane
B8359,B8389,B8392,B8452,B8471,B8486,B8600,B8604,B8605,B8606,B8610
α-L-Rhamnose monohydrate,Butamben,D-Penicillamine,Steviolbioside,Gambogenic acid,Roquinimex,Thiamine pyrophosphate,L-Arginine (hydrochloride),"3,4-Dihydroxyphenylacetic Acid",R-(−)-Mandelic Acid,Baccatin III
B8625,B8626,B8631,B8632,B8654,B8658,B8660,B8667,B8669,B8679,B8682
5-hydroxy Indole-3-acetic Acid,L-α-Phosphatidylcholine,Vitamin K1,L-Cycloserine,Oxindole,5-Hydroxymethyl-2-furancarboxylic acid,Vitamin A,Cilastatin,Ceftazidime pentahydrate,Terconazole,Nitrofurantoin
B8683,B8692,B8694,B8698,B8704,B8714,B8721,C3055,C3086,C3088,C3092
Guanethidine (sulfate),Penicillamine,Atropine,Farnesyl Alcohol,Sevoflurane,Quinine,Diallyl Sulfide,3-acetyl-11-keto-β-Boswellic Acid,Monoacetylphloroglucinol,Cyclic AMP,Nervonic Acid
C3098,C3108,C3119,C3134,C3154,C3233,C3241,C3253,C3278,C3290,C3310
L-Acetylcarnitine (hydrochloride),Linoleic Acid,Clenbuterol (hydrochloride),Guanosine 5'-monophosphate (sodium salt),Hydrocortisone 21-hemisuccinate (sodium salt),Tauroursodeoxycholic Acid,Oxyresveratrol,α-Asarone,Proxyphylline,Indole-3-Acetic Acid (sodium salt),Sofalcone
C3338,C3349,C3353,C3359,C3421,C3436,C3439,C3459,C3483,C3486,C3564
Vincamine,Purpurin,α-Naphthoflavone,Glycochenodeoxycholic Acid (sodium salt),Ginkgolic Acid C15:1,D-(+)-Raffinose (hydrate),1-Aminocyclopropanecarboxylic Acid,Taurocholic Acid (sodium salt),L-(−)-Glucose,Thymidine,"2,3-Butanedione-2-monoxime"
C3589,C3648,C3760,C3763,C3770,C3789,C3812,C3816,C3825,C3862,C3929
L-(−)-Fucose,Stachydrine (hydrochloride),10-HDA,Arachidic Acid,Juglone,DL-α-Lipoic Acid,Cefonicid (sodium salt),Pentoxifylline,5-Methyl-2'-deoxycytidine,Tropine,Trehalose (hydrate)
C3936,C3945,C3962,C3969,C3973,C3991,C3999,C4002,C4035,C4042,C4060
25-hydroxy Cholesterol,Glycocholic Acid,5-Methylcytidine,Stearic Acid methyl ester,Muscone,Cefadroxil (hydrate),5-hydroxy-L-Tryptophan,"1,2-Dipalmitoyl-sn-glycero-3-PC",Triclosan,L-Selenomethionine,trans-Zeatin
C4061,C4068,C4102,C4157,C4159,C4183,C4188,C4195,C4201,C4223,C4245
all-trans Retinal,Nonadecanoic Acid methyl ester,Maltotriose,Pyrogallol,Tyramine,Cefazolin (sodium salt),Docosahexaenoic Acid,Menaquinone 4,Androsterone,Arachidonic Acid,Tazobactam (sodium salt)
C4290,C4294,C4313,C4341,C4360,C4379,C4445,C4449,C4495,C4511,C4588
Atrazine,Phosphoenolpyruvic Acid (potassium salt),Myristic Acid,Adenosine-5'-diphosphate,Guaiacol,3-methoxy Tyramine (hydrochloride),2-D08,Scopoletin,NADH (sodium salt),4-Pyridylthioamide,Cefotaxime (sodium salt)
C4604,C4607,C4608,C4613,C4631,C4733,C4832,C4833,C4849,C4902,C4910
Docosanoic acid,Stearic Acid,N6-(Δ2-Isopentenyl)adenine,Norgestrel,Cytidine 5'-triphosphate (sodium salt),Sulforaphane,Maslinic Acid,L-Biopterin,Cefoxitin (sodium salt),Pentadecanoic Acid,Spermine
C4977,C4992,C5035,C5084,C5107,C5125,C5152,C5167,C5175,C5211,C5222
Oleic Acid,2'-Deoxyadenosine-5'-monophosphate,Thymoquinone,Palmitic Acid ethyl ester,Palmitic Acid methyl ester,HQNO,1-Methylnicotinamide (chloride),Fusidic Acid (sodium salt),4-Aminobenzoic acid hydrazide,Isovaleroylglycine,Ingenol
C5242,C5268,C5277,C5297,C5378,C5386,C5419,C5423,C5438,C5443,C5468
Citicoline (sodium salt),Lanosterol,trans-trismethoxy Resveratrol,Morin,Cefixime,N-Acetylserotonin,tetrahydro-L-Biopterin (hydrochloride),Tridecanoic Acid,Heptadecanoic Acid,Palmitoleic Acid,Undecanoic Acid
C5503,C5505,C5512,C5518,C5527,C5543,C5580,C5593,C5616,C5621,C5638
Kasugamycin (hydrochloride),β-Elemene,Phenylacetyl L-Glutamine,γ-Linolenic Acid,Elaidic Acid,Pleuromutilin,Raceanisodamine,Cefsulodin (sodium salt),Phytol,Spectinomycin (hydrochloride hydrate),13(Z)-Docosenoic Acid
C5652,C5679,C5686,C5727,C5734,C5753,C5755,C5792,C5847,C6100,C6101
Folinic Acid (calcium salt),N-acetyl-D-Glucosamine,Hydroxymethyl Uracil,N-butyryl-L-Homoserine lactone,Trimipramine (maleate),1-methyl Adenosine,(S)-Naproxen,3-hydroxy Anthranilic Acid,Lutein,Glycine,L-Proline
C6102,C6103,C6104,C6105,C6107,C6108,C6110,C6111,C6112,C6113,C6114
p-Hydroxybenzaldehyde,L-Valine,L-Leucine,L-Tryptophan,p-Anisaldehyde,L-Alanine,(S)-Glutamic acid,"(2S,3S)-2-Amino-3-methylpentanoic acid",L-Hydroxyproline,L-Methionine,beta-Alanine
C6116,C6118,C6119,C6120,C6122,C6124,C6125,C6127,C6130,C6131,C6132
Benzophenone,Benzyl alcohol,D-Alanine,2-Picolinic acid,L(+)-Ornithine hydrochloride,Methylparaben,L-Histidine,L-Threonine,D-Proline,L-Pyroglutamic acid,D-Tartaric acid
C6133,C6134,C6135,C6136,C6137,C6139,C6145,C6149,C6150,C6152,C6153
4-Aminophenol,L-Lysine hydrochloride,Isonicotinic acid,Resorcinol,DL-Serine,Cinnamaldehyde,3-Hydroxybenzaldehyde,Thymol,D-Aspartic acid,2'-Hydroxyacetophenone,L(+)-2-Aminobutyric acid
C6154,C6156,C6159,C6160,C6165,C6171,C6172,C6173,C6174,C6176,C6177
Sesamol,2-Hydroxypyridine,N-Acetyl-L-leucine,2-Naphthol,4-Hydroxybenzyl alcohol,Propylparaben,"2,4-Dihydroxybenzoic acid",3-(4-Hydroxyphenyl)propionic acid,"2,6-Dihydroxybenzoic acid",N-Acetylglycine,L-Asparagine
C6178,C6180,C6184,C6190,C6192,C6194,C6195,C6196,C6199,C6203,C6206
Butylparaben,Benzyl benzoate,3-Methylindole,Methyl salicylate,L-Menthol,D-Glucurone,"1,3-Acetonedicarboxylic acid",4-Methoxyphenylacetic acid,Salicylamide,Malic acid,delta-Gluconolactone
C6207,C6210,C6211,C6212,C6214,C6215,C6216,C6221,C6223,C6224,C6225
o-Toluic acid,3-Hydroxy-2-methyl-4H-pyran-4-one,"1,3,5-Trimethoxybenzene",beta-D-(-)-Arabinose,D-Pyroglutamic acid,Levulinic acid,L(-)-Pipecolinic acid,"2,5-Dimethyl pyrazine",4-Nitrophenol,"1,4-Benzoquinone",Melamine
C6231,C6234,C6237,C6240,C6242,C6244,C6245,C6248,C6250,C6252,C6254
DL-Mandelic acid,Dexpanthenol,D-2-Aminobutyric acid,"(3,4-Dimethoxyphenyl)acetic acid",2-Aminoisobutyric Acid,Carvacrol,5-Methyl furfural,"2,5-Furandicarboxylic acid",2-Pyrrolidinone,N-Acetyl-DL-methionine,2-Furoic acid
C6257,C6258,C6259,C6262,C6263,C6264,C6266,C6269,C6270,C6271,C6272
5-Amino-4-imidazolecarboxamide,o-Cresol,Benzyl acetate,3-Methoxybenzoic acid,N-Acetyl-L-phenylalanine,3-Hydroxy-2-butanone,"3,3-Dimethylacrylic acid",Acetamide,Cyclohexanecarboxylic acid,Pyrocatechol,"2,4-Dichlorophenol"
C6276,C6278,C6279,C6280,C6281,C6285,C6287,C6289,C6293,C6296,C6298
Ethyl gallate,Glycylglycine,Geraniol,o-Anisic acid,Tryptamine,Bisphenol A,2-PhenylethylaMine,2-Phenylphenol,Furfural,"1,4-Naphthoquinone",Terephthalic acid
C6305,C6308,C6313,C6320,C6321,C6322,C6326,C6328,C6330,C6333,C6336
Furazolidone,Phthalic acid,m-Cresol,p-Cresol,Pyridoxal 5'-phosphate,D-Glutamine,"(R)-(+)-1,2-Dithiolane-3-pentanoic acid",DL-α-Tocopherol,3-Methoxyphenylacetic acid,Cinnamic acid,Guanidineacetic acid
C6346,C6348,C6353,C6354,C6355,C6357,C6360,C6366,C6376,C6377,C6380
N-Acetyl-L-methionine,Methyl 2-furoate,Cuminaldehyde,D(+)-Pipecolinic acid,2-Undecanone,p-Hydroxy-cinnamic acid,"3,4,5-Trimethoxycinnamic acid",Capsaicin,Adenosine 5'-monophosphate monohydrate,Vidarabine monohydrate,Methyl Aminolevulinate Hydrochloride
C6381,C6383,C6384,C6386,C6389,C6392,C6394,C6402,C6407,C6419,C6421
"UTP, Trisodium Salt",Sultamicillin Tosylate,Sultamicillin,Clindamycin alcoholate,Atropine sulfate,Dehydroepiandrosterone acetate,Balofloxacin Dihydrate,Isoproterenol sulfate dihydrate,Triiodothyronine,Scopolamine HBr trihydrate,Creatine monohydrate
C6423,C6424,C6426,C6427,C6432,C6435,C6436,C6437,C6440,C6446,C6447
Terpinen-4-ol,Octanoic acid,Scopolamine,Orcinol,Octenidine (dihydrochloride),L-Arginine,L-Arginine (hydrochloride),Camphor,Eptifibatide Acetate,Cinchonine(LA40221),Naringin Dihydrochalcone
C6448,C6453,C6454,C6457,C6460,C6461,C6464,C6465,C6467,C6469,C6470
Diammonium Glycyrrhizinate,Vitamin E Acetate,N-Ethylmaleimide (NEM),Testosterone Enanthate,Levothyroxine sodium,Calcium gluconate,Flavone,(-)-Borneol,Fosfomycin Tromethamine,Ademetionine disulfate tosylate,(+)-Camphor
C6477,C6478,C6479,C6480,C6484,C6485,C6487,C6490,C6502,C6508,C6510
Ceftizoxime,Cefuroxime axetil,L-Cysteine HCl,Manganese chloride,Squalene,Cefetamet pivoxil hydrochloride,Sulfamethoxazole sodium,Cefotiam hydrochloride,Geranyl acetate,Diaveridine,Ciprofloxacin hydrochloride hydrate
C6511,C6517,C6522,C6523,C6524,C6529,C6544,C6547,C6557,C6559,C6561
D-Pantethine,Maltitol,Sorbic acid,β-Cyclodextrin,Laurocapram,"2,2-Dihydroxyacetic acid","1,4-Dioxane-2,5-diol","(2S,3R,4S,5R)-2-Amino-3,4,5,6-tetrahydroxyhexanal hydrochloride",Caryophyllene oxide,Sodium 2-hydroxybutanoate,3-Hydroxyflavone
C6563,C6567,C6571,C6577,C6580,C6584,C6588,C6589,C6592,C6603,C6606
α-santonin,9-Aminoacridine,Nicotinuric acid,Dithranol,Acetosyringone,2-Amino-1-phenylethanol,Purine,Tetracycline,Xanthoxyline,3-Phenoxybenzoic acid,(S)-(-)-Phenylethanol
C6611,C6612,C6632,C6636,C6637,C6649,C6653,C6660,C6665,C6680,C6681
"2,4-Dihydroxypyrimidine-5-carboxylic Acid",H-D-cis-Hyp-OH,Cyclen,"2,2':5',2''-Terthiophene",1-beta-D-Arabinofuranosyluracil,Sinapinic acid,(2-Aminoethyl)phosphonic acid,Sophoricoside,Higenamine hydrochloride,Tryptophol,7-Methoxy-4-methylcoumarin
C6682,C6685,C6696,C6703,C6709,C6712,C6713,C6714,C6723,C6726,C6728
N-Methylnicotinamide,Succinylsulfathiazole,1-Undecanol,Dehydrocholic acid,Anethole trithione,Hydroquinidine,Pazufloxacin mesylate,"1-Methyl-6-oxo-1,6-dihydropyridine-3-carboxylic acid",Theophylline-7-acetic acid,Citraconic acid,1H-pyrazole
C6733,C6736,C6750,C6752,C6759,C6765,C6766,C6768,C6769,C6773,C6776
3-Methyl-2-buten-1-ol,Nicotinamide N-oxide,DEET,Triacetonamine,Batyl alcohol,4-Aminoantipyrine,Ethylvanillin,Gallic acid trimethyl ether,Bronopol,Danthron,DL-Panthenol
C6778,C6781,C6785,C6789,C6790,C6791,C6797,C6811,C6829,C6830,C6841
1-Naphthyl acetate,Oxaceprol,Flavanone,Citiolone,Methionine,Acetylcholine iodide,Isovanillin,"5,6-Dimethyl-1H-benzo[d]imidazole",1-Hydroxy-2-naphthoic acid,Quinoline-2-carboxylic acid,Oxytetracycline hydrochloride
C6847,C6854,C6855,C6858,C6861,C6862,C6864,C6865,C6879,C6880,C6881
4-Chlorosalicylic acid,6-Chloropurine,Ac-Ala-OH,Maleimide,Syringaldehyde,o-Veratraldehyde,Veratric acid,6-Methylcoumarin,Tiglic acid,Vanillyl alcohol,Acetylvanillin
C6884,C6885,C6901,C6905,C6908,C6926,C6931,C6934,C6941,C6943,C6944
"2',4'-Dihydroxyacetophenone",Deoxycholic acid sodium salt,6-Benzylaminopurine,2-Phenylacetamide,3-Amino-4-hydroxybenzoic acid,"2,2'-Cyclouridine",ATP,Robenidine hydrochloride,Ketoisophorone,Cedrol,Carboxine
C6949,C6952,C6962,C6963,C6968,C6969,C6976,C6978,C6979,C6980,C6982
Sulfabenzamide,Menadiol Diacetate,Lawsone,Thiamine nitrate,10-Undecenoic acid,Acetophenone,Sparteine,Corey Lactone Diol,Imidazole-4(5)-acetic Acid Hydrochloride,4-Quinolinecarboxylic acid,Inosine 5'-monophosphate disodium salt
C6983,C6986,C6987,C6988,C6989,C6990,C6993,C7002,C7006,C7007,C7008
Citicoline,Nootkatone,Hydroferulic acid,"cis,cis-Muconic acid",6-(Dimethylamino)purine,Azetidine-2-carboxylic acid,4-Hydroxy-3-methylbenzoic acid,"1,3-Dimethyluracil",Sulfaquinoxaline sodium,D-3-Phenyllactic acid,Pyrrole-2-carboxylic acid
C7009,C7013,C7015,C7023,C7025,C7026,C7027,C7028,C7029,C7031,C7032
Afalanine,Isocytosine,Enoxacin Sesquihydrate,Cyclohexaneacetic acid,Fosfructose trisodium,Perillartine,10-Hydroxydecanoic acid,2'-Deoxyadenosine monohydrate,Disodium 5'-inosinate,5-Methylcytosine,H-Trp-NH2.HCl
C7033,C7036,C7037,C7038,C7039,C7041,C7042,C7043,C7044,C7052,C7053
L-Homoarginine hydrochloride,"3,5-Dimethoxyphenol",Anthraquinone-2-carboxylic acid,Nicotinamide Riboside Chloride (NIAGEN),3-Hydroxypicolinic acid,Ectoine,trans-4-Hydroxycyclohexanecarboxylic acid,H-Tyr(3-I)-OH,6-Methoxy-2-naphthoic acid,Glycyl-L-valine,2-Aminobenzenesulfonamide
C7054,C7055,C7058,C7059,C7060,C7063,C7065,C7066,C7070,C7072,C7078
Hydroquinine,8-Aminooctanoic acid,AOA hemihydrochloride,Olivetol,Chelidonic acid,"2,6-Dihydroxyanthraquinone",4-Butylresorcinol,S-Methyl-L-cysteine,Isohomovanillic acid,6-Hydroxy-4-methylcoumarin,Aklomide
C7079,C7083,C7084,C7087,C7089,C7093,C7097,C7098,C7101,C7106,C7108
Oxaloacetic acid,DL-Methionine,Sodium erythorbate,2-Aminobenzenesulfonic acid,4'-Hydroxypropiophenone,Choline bitartrate,(1S)-(-)-α-Pinene,Isoeugenol,L-Glutamic acid monosodium salt,Herniarin,N-Methylhydantoin
C7111,C7113,C7114,C7115,C7116,C7118,C7119,C7120,C7121,C7123,C7124
β-Alanine methyl ester hydrochloride,3-Methylpyrazole,2-Benzoxazolinone,Benzoyleneurea,2-Aminoethanethiol,2-Hydroxybenzyl alcohol,D-Phenylalanine,"3,4-Dimethoxycinnamic acid",2-Acetylpyrazine,Penicillin V potassium salt,Benzylpenicillin potassium
C7126,C7129,C7130,C7131,C7132,C7133,C7134,C7135,C7137,C7138,C7139
4-Ethylphenol,D-Ribose,4-Pentenoic acid,2-Phenylpropionic acid,"2',5'-Dihydroxyacetophenone",Raspberry ketone,Veratraldehyde,Tropinone,(S)-(+)-Carvone,"1,4-Diaminobutane dihydrochloride",4-Methylcatechol
C7141,C7143,C7145,C7147,C7148,C7149,C7152,C7153,C7154,C7158,C7161
1-Naphthaleneacetic acid,"2,3,4-Trihydroxybenzoic acid",2-Methylsuccinic acid,Veratryl alcohol,Uridine 5'-monophosphate disodium salt,Nicotinic acid N-oxide,Gastrodenol,L-Xylose,cis-3-Hexen-1-ol,(S)-2-Hydroxy-3-phenylpropanoic acid,DL-Arginine
C7163,C7164,C7165,C7166,C7167,C7168,C7171,C7172,C7173,C7174,C7178
Indole-3-acetamide,5-Methoxysalicylic acid,(-)-Fenchone,3-Indoleacetonitrile,Dimethyl trisulfide,"2,6-Dimethoxybenzoic acid","1,3,5-Trimethylpyrazole",Allyl methyl sulfide,"3,3-Dimethylglutaric acid",3-Furoic acid,Sodium ferulic
C7184,C7187,C7189,C7191,C7192,C7194,C7196,C7197,M1030,M1037,M1041
3-Hydroxycinnamic acid,"Forchlorfenuron (KT-30, CPPU)",Coumarin-3-carboxylic Acid,Cholic acid sodium,Kojic acid,2-Methoxycinnamic acid,Chelidamic acid,3-(Methylthio)propionic acid,2-Hydroxy-3-methylbutanoic acid,Creatine,N-Methylsarcosine
M1045,M1047,M1051,M1059,M1068,M1078,M1087,M1088,M1091,M1093,M1094
3-Indoleacetic acid,3-Indolepropionic acid,L-Lysine,Pipecolic acid,Histidine metabolism,beta-Alanine metabolism,3-(3-Hydroxyphenyl)propionic Acid,Tyrosine metabolism,"Glycine, serine and threonine metabolism",Glutaric acid,Glutathione oxidized
M1103,M1104,M1111,M1116,M1118,M1123,M1132,M1133,M1138,M1145,M1149
N-Acetyl-L-glutamic acid,Aceglutamide,N-Acetyl-L-tyrosine,2-(2-Phenylacetamido)acetic acid,Phenylalanine & tyrosine metabolism,Spermidine,Indole-3-carboxylic acid,Indole-2-carboxylic acid,Indole,glycochenodeoxycholate,taurochenodeoxycholate
M1153,M1162,M1166,M1172,M1180,M1183,M1184,M1190,M1191,M1199,M1200
glycoursodeoxycholate,"1,2-propanediol",scyllo-inositol,3-methylxanthine,xanthine,hydroxyphenylacetate,gentisate,4-hydroxyphenylacetate,hippurate,galactose,glucuronate
M1201,M1202,M1211,M1212,M1214,M1226,M1237,M1240,M1242,M1276,M1277
lactose,sucrose,glycerate,glycerol,mannose,cis-aconitate,homocitrulline,N6-acetyllysine (H-Lys(Ac)-OH),N-acetylornithine,adipate,alpha-ketoglutarate
M1278,M1279,M1280,M1282,M1283,M1295,M1297,M1299,M1301,M1302,M1303
fumarate,maleate,oxalate,3-methyladipate,pimelate,2-hydroxyoctanoate,3-hydroxybutyrate (BHBA),alpha-hydroxyisocaproate,azelate (nonanedioate),beta-hydroxyisovalerate,caprate (10:0)
M1308,M1311,M1312,M1314,M1324,M1325,M1327,M1328,M1329,M1351,M1354
dodecanedioate,hexadecanedioate,isovalerate,malate,pelargonate (9:0),sebacate (decanedioate),suberate (octanedioate),tetradecanedioate,undecanedioate,2-hydroxyisobutyrate,glycolate (hydroxyacetate)
M1355,M1360,M1361,M1374,M1375,M1376,M1382,M1384,M1386,M1387,M1391
lactate,4-methyl-2-oxopentanoate,pyruvate,carnosine,histamine,thiamine,"1,6-anhydroglucose",3-phenylpropionate (hydrocinnamate),putrescine,alpha-tocopherol,guanosine
M1396,M1397,M1406,M1407,M1414,M1425,M1462,M1478,M1482,N1114,N1115
cytosine,xanthosine,thymine,UMP,5-methyluridine (ribothymidine),cortisone,(R)-3-Hydroxybutyric acid,(3-Carboxypropyl)trimethylammonium chloride,D-(−)-Fructose,Puerarin,Neohesperidin
N1154,N1190,N1272,N1274,N1280,N1283,N1288,N1289,N1304,N1305,N1308
Cinobufagin,Schisandrol B,Geniposidic acid,Myricetrin,Oxysophocarpine,Wogonin,Isoliquiritigenin,Vindoline,5-Methoxypsoralen,8-Methoxypsoralen,Biochanin A
N1311,N1314,N1315,N1318,N1319,N1327,N1332,N1335,N1336,N1342,N1347
Nobiletin,Sweroside,Parthenolide,Vitexicarpin,Vitexin,Loganin,Psoralen,5-hydroxymethyl-2-furaldehyde,Chrysin,Cimifugin,Syringin
N1350,N1352,N1353,N1356,N1357,N1358,N1359,N1360,N1362,N1368,N1369
Ecdysterone,Catalpol,6-gingerol,Asiatic acid,Asiaticoside,Isorhamnetin,Magnolol,Geniposide,Sesamin,Berberine,Bergenin
N1370,N1375,N1382,N1390,N1392,N1393,N1412,N1413,N1420,N1426,N1432
Naringenin,Solamargine,Catharanthine,Dehydroandrographolide,Leonurine hydrochloride,3-Hydroxy-4-methoxycinnamic acid,Calycosin,Calycosin-7-glucoside,Homovanillic acid,Irisflorentin,Curdione
N1440,N1441,N1442,N1447,N1457,N1461,N1470,N1480,N1482,N1486,N1489
Asperosaponin Ⅵ,Fraxinellone,Theophylline,10-Gingerol,Mesaconitine,Harpagoside,Crotaline,Linderane,Cinnamaldehyde,Lathyrol,Morroniside
N1490,N1492,N1496,N1498,N1500,N1503,N1504,N1507,N1520,N1521,N1523
Brucine,vitexin-2″-o-rhamnoside,Tyrosol,Platycodin D,Germacrone,Fructose,Homoharringtonine,Bufalin,Mulberroside A,Dehydrodiisoeugenol,Myrislignan
N1526,N1528,N1531,N1539,N1548,N1550,N1551,N1555,N1563,N1573,N1578
Hydroxysafflor yellow A,Sec-O-Glucosylhamaudol,Betulinaldehyde,Patchouli alcohol,Solasonine,Alisol B 23-acetate,Linderalactone,Lycorine chloride,Eriocitrin,Theobromine,Nuciferine
N1579,N1582,N1592,N1595,N1597,N1599,N1600,N1601,N1605,N1607,N1609
Glabridin,Helicid,(+)-Bicuculline,Raddeanin A,Protopanaxdiol,Jatrorrhizine Hydrochloride,Evodiamine,Tubeimoside I,Echinacoside,Notoginsenoside R1,Ginsenoside Rh2
N1613,N1615,N1616,N1619,N1620,N1625,N1627,N1630,N1633,N1644,N1645
Ginsenoside Rg1,Ginsenoside Re,Ginsenoside Rd,Ginsenoside Rb2,Ginsenoside Rb1,Formononetin,Arctiin,Indigo,Eleutheroside E,Hyodeoxycholic acid,Phytic acid
N1647,N1650,N1651,N1653,N1656,N1657,N1659,N1663,N1669,N1672,N1674
Tectorigenin,Ligustrazine Hydrochloride,Nicotinamide,Crocin,Schizandrin B,Schizandrin A,1-Deoxynojirimycin,Madecassoside,Deoxycholic acid,Honokiol,Piperine
N1677,N1678,N1679,N1680,N1681,N1686,N1687,N1690,N1691,N1692,N1697
Sennoside B,Sennoside A,Dihydrocapsaicin,Cholic acid,Hordenine,Cantharidin,Punicalagin,D-(+)-Xylose,D-(-)-Quinic acid,(+)-Catechin hydrate,Procyanidin
N1698,N1699,N1700,N1701,N1704,N1705,N1707,N1708,N1709,N1710,N1711
Protodioscin,Berberine hydrochloride,Betaine hydrochloride,Coptisine chloride,Yohimbine Hydrochloride,Icariin,Coumarin,Stevioside,Betaine,Gastrodin,Silymarin
N1712,N1713,N1714,N1715,N1718,N1719,N1722,N1723,N1725,N1726,N1729
Bisdemethoxycurcumin,Dihydroartemisinin,Arbutin,Diosgenin,Paeoniflorin,Kaempferol,Sinomenine,Dioscin,Xylitol,Rosavin,Aescin
N1735,N1736,N1738,N1743,N1745,N1748,N1750,N1753,N1754,N1755,N1764
Caffeic acid,Sophocarpine,Cytisine,Curcumol,Cryptochlorogenic acid,Isochlorogenic acid C,Isoliquiritin,Scutellarin,Isochlorogenic acid B,Isochlorogenic acid A,"6,7-Dihydroxycoumarin"
N1765,N1766,N1768,N1769,N1778,N1783,N1785,N1786,N1789,N1790,N1792
Fraxetin,Esculin,Rosmarinic acid,Chlorogenic acid,Baicalin,Polydatin,Glycitein,Astragaloside IV,Salidroside,Podophyllotoxin,Glycyrrhizic acid
N1794,N1796,N1798,N1799,N1802,N1803,N1804,N1806,N1807,N1809,N1810
Liquiritin,Coenzyme Q10,Tetrandrine,Fangchinoline,Oridonin,Salvianolic acid A,Sodium Danshensu,Salvianolic acid B,Daidzin,Hesperidin,Rhein
N1815,N1817,N1823,N1825,N1826,N1827,N1828,N1829,N1830,N1831,N1833
Glycitin,p-Coumaric acid,Ursolic acid,Osthole,Oleanolic acid,Artemisinine,Apigenin,Shikimic acid,Gallic acid,Luteolin,Rutin
N1835,N1837,N1838,N1839,N1840,N1841,N1842,N1843,N1844,N1845,N1846
Oxymatrine,Amygdalin,Hyperoside,Curcumin,Quercitrin,Quercetin,Taxifolin,Cryptotanshinone,Dihydrotanshinone I,Tanshinone I,Tanshinone IIA
N1847,N1849,N1850,N1852,N1853,N1855,N1856,N1857,N1858,N1859,N1862
Paeonol,Dihydromyricetin,Myricetin,Chrysophanol,Physcion,Andrographolide,Hesperitin,Neochlorogenic acid,Baicalein,Imperatorin,Daidzein
N1863,N1864,N1867,N1871,N1872,N1875,N1876,N1877,N1878,N1879,N1880
Oleuropein,Toosendanin,Reserpine,5-HTP,Epigallocatechin,DL-Menthol,Phloridzin,Cinnamic acid,Fumalic acid,Ginkgolide B,D-(-)-Salicin
N1883,N1885,N1887,N1890,N1897,N1898,N1900,N1901,N1902,N1904,N1908
Angelicin,Saikosaponin A,Saikosaponin D,Compound K,astragalin,Gentiopicrin,Ginkgolide A,Z-Ligustilide,Ononin,Rhynchophylline,Ginkgolide C
N1911,N1915,N1924,N1925,N1929,N1935,N1937,N1940,N1941,N1942,N1943
Picroside II,Timosaponin A3,Polyphyllin A,Polyphyllin D,Timosaponin b- II,L-Carnitine inner salt,Anemoside A3,Tanshinone IIA---sulfonic sodium,Butane diacid,Benzoylmesaconitine,Benzoylhypaconitine
N1945,N1949,N1953,N1957,N1958,N2019,N2021,N2024,N2029,N2031,N2032
Isoquercitrin;Isoquercetin; Isoquercitroside,Panaxtriol,Polyphyllin B,Fraxin (Fraxoside; Paviin),"Galangin;3,5,7-Trihydroxyflavone",Crassicauline A,Alisol A,Rhoifolin,Isoshaftoside,Piceatannol,Aristolochic Acid A
N2037,N2053,N2060,N2075,N2076,N2077,N2081,N2082,N2085,N2086,N2088
pteryxin,Catharanthine Sulfate,12-O-tetradecanoyl phorbol-13-acetate (PMA),Folic acid,Berberine Sulfate,Tangeretin,Tiliroside,Schaftoside,L-Theanine,Olaquindox,Oleandrin
N2089,N2091,N2094,N2095,N2109,N2117,N2122,N2126,N2130,N2131,N2133
Berberrubine,(+)- Corydaline,Pinocembrin,Trans-Anethole,Acacetin,3-n-Butylphathlide,7-Epitaxol,Pterostilbene,"Tetrahydroberberine,THB",Wedelolactone,7-Ethyl-10-hydroxycamptothecin
N2134,N2135,N2156,N2159,N2172,N2175,N2176,N2182,N2186,N2189,N2193
Acetate gossypol,Gossypol,"1,2,3,4,6-pentagalloylglucose",Eupatilin,"5,7-dihydroxychromone",Silicristin,Silydianin,Harmine hydrochloride,Vaccarin,Sinomenine Hydrochloride,(R) Ginsenoside Rh2
N2200,N2201,N2203,N2205,N2206,N2224,N2226,N2227,N2230,N2235,N2237
Cucurbitacin Ⅱb,Cucurbitacin Ⅱa,Fargesin,2-Atractylenolide,Mollugin,Dictamnine,Lysionotin,Liquidambaric acid,Kaempferol-3-rutinoside,Levistilide A,Oroxin B
N2241,N2250,N2256,N2258,N2261,N2275,N2276,N2282,N2287,N2297,N2301
Polygalaxanthone III,Vinorelbine,vinblastine,Lannaconitine,Orcinol glucoside,Protopine,"3,4-Dihydroxybenzaldehyde",Umbelliferone,Apigenin-7-O-β-D-glucopyranoside,Syringic acid,Allantoin
N2302,N2307,N2309,N2312,N2320,N2322,N2324,N2328,N2334,N2337,N2355
Hydroxytyrosol,D-Pinitol,Eriodictyol,Koumine,Loganic acid,Brazilin,Curculigoside,Scoparone,Dehydrocostus Lactone,Gramine,Madecassic acid
N2371,N2408,N2427,N2471,N2508,N2571,N2591,N2734,N2788,Empty,Empty
Naringin,Genipin,Echinatin,Berbamine hydrochloride,Dauricine,Forsythoside A,10-Hydroxycamptothecin,Glucosamine sulfate,Trigonelline,Empty,Empty
N2379,N2410,N2431,N2473,N2524,N2576,N2655,N2758,N2795,Empty,Empty
Caffeine,Macranthoidin B,Danshensu,Neosperidin dihydrochalcone,"5,15-Diacetyl-3-benzoyllathyrol",Neferine,Schisantherin A,Aucubin,Glycyrrhetinic acid,Empty,Empty
N2381,N2417,N2444,N2476,N2525,N2577,N2660,N2759,N2808,Empty,Empty
Lithospermoside,Licochalcone A,Ethyl ferulate,Agrimol B,Cyanidin Chloride,Trigonelline Hydrochloride,Alantolactone,Carnosic acid,Cordycepin,Empty,Empty
N2386,N2418,N2449,N2481,N2535,N2584,N2702,N2763,N2816,Empty,Empty
Monotropein,Linalool,6-Shogaol,Punicalin,Diosimin,Bilirubin,Chitosamine hydrochloride,Demethylzeylasteral,Lobetyolin,Empty,Empty
N2399,N2419,N2452,N2485,N2542,N2586,N2703,N2771,N2818,Empty,Empty
Arctigenin,Phellodendrine,Zingerone,Sipeimine,Praeruptorin B,Aurantio-obtusin,Nicotine,Cepharanthine,Polyphyllin VII,Empty,Empty
N2400,N2421,N2453,N2487,N2558,N2588,N2706,N2772,P10002,Empty,Empty
Norisoboldine,Griffonilide,Epiberberine,Fisetin,Sclareol,Momordin Ic,Synephrine,Roburic acid,4-Aminobutyric acid,Empty,Empty
N2403,N2424,N2456,N2491,N2561,N2589,N2728,N2781,P10075,Empty,Empty
Complanatoside,Columbianadin,Palmitic acid,Aloin,Spinosin,α-Cyperone,Lipoic acid,Corilagin,Imipenem,Empty,Empty
N2406,N2425,N2466,N2505,N2570,N2590,N2730,N2787,Empty,Empty,Empty
Liensinine,Dipsacoside B,"3,4-Dihydroxybenzoic acid",Scopolamine butylbromide,Scopolamine hydrobromide,α-mangostin,Chondroitin sulfate,Cucurbitacin B,Empty,Empty,Empty